User Input,Chatbot Response,Timestamp
hello,Hi there,2024-09-10 01:21:51
how are you ,My purpose is to assist you,2024-09-10 01:21:57
weather ,"I'm sorry, I cannot provide real-time weather information.",2024-09-10 01:22:20
How do I create a budget,"To make a budget, start by tracking your income and expenses. Then, allocate your income towards essential expenses like rent, food, and bills. Next, allocate some of your income towards savings and debt repayment. Finally, allocate the remainder of your income towards discretionary expenses like entertainment and hobbies.",2024-09-10 01:22:30
Today is a nice weather,"I'm sorry, I cannot provide real-time weather information.",2024-10-03 08:29:52
How's the weather today,"I'm sorry, I cannot provide real-time weather information.",2024-10-03 08:30:47
Hi,Hello,2024-10-03 08:30:56
hi,Hi there! How can I help you with your farm?,2024-12-31 16:27:49
What's the weather like today?,It's important to monitor weather patterns as they can affect crop yields significantly.,2024-12-31 16:28:36
sdfgg,Hi there! How can I help you with your farm?,2024-12-31 16:28:54
aafdshdfhb,Hello! How can I assist you with your farming needs today?,2024-12-31 16:29:02
hi,Good day! What can I assist you with?,2024-12-31 16:30:23
what is your name?,Hydroponics is a soilless farming method where plants grow in nutrient-rich water.,2024-12-31 16:30:39
hii,Hello! How can I assist you with your farming needs today?,2024-12-31 16:31:40
What crops should I plant this season?,Rice should ideally be planted during the wet season when the temperature is consistently warm and there is adequate water.,2024-12-31 16:32:04
jnk,Good day! What can I assist you with?,2024-12-31 16:41:13
acdshgf,Hello! How can I assist you with your farming needs today?,2024-12-31 16:42:29
what is your name?,It saves water and space while increasing crop yields.,2025-01-01 15:05:42
hi,Hello! How can I assist you with your farming needs today?,2025-01-01 15:21:20
what is your name?,It saves water and space while increasing crop yields.,2025-01-01 15:21:29
gchgugh,"I'm sorry, I didn't understand that.",2025-01-01 15:21:37
what is farming,"To make your farm more sustainable, use organic farming methods, reduce pesticide use, practice crop rotation, and conserve water.",2025-01-01 15:21:51
ishajdnsnf,"I'm sorry, I didn't understand that.",2025-01-01 15:22:03
what is your name?,It saves water and space while increasing crop yields.,2025-01-01 15:25:36
what is farming methods,"Technologies like drones, IoT devices, and satellite imagery are commonly used in precision farming.",2025-01-01 15:27:07
